{
  "strategy": "winning",
  "symbol": "BTC-USD",
  "exchange": "paper",
  "starting_cash": 10000,
  "bot_instance_id": "contest-aggressive-bot",
  "user_id": "contestant",
  
  "comment": "=== AGGRESSIVE OPTIMIZATION FOR MAXIMUM PNL ===",
  
  "comment1": "=== RSI Parameters (More Aggressive) ===",
  "rsi_period": 14,
  "rsi_oversold": 20,
  "rsi_overbought": 80,
  
  "comment2": "=== MACD Parameters ===", 
  "macd_fast": 12,
  "macd_slow": 26,
  "macd_signal": 9,
  
  "comment3": "=== Bollinger Bands Parameters ===",
  "bb_period": 20,
  "bb_std_dev": 2.0,
  
  "comment4": "=== Aggressive Risk Management ===",
  "max_position_size": 0.35,
  "stop_loss_pct": 6.0,
  "take_profit_pct": 18.0,
  "trailing_stop_pct": 4.0,
  "max_drawdown_limit": 42.0,
  "min_time_between_trades": 20,
  
  "comment5": "=== Trading Controls ===",
  "cycle_delay_seconds": 45,
  "max_price_age_seconds": 300,
  
  "comment6": "=== Database & Logging ===",
  "database_url": "postgresql://user:pass@localhost:5432/trading_contest",
  "log_level": "INFO",
  "strategy_local_logs": true
}